latitude,longitude
32.532237,-86.64644
30.659218,-87.746067
31.870253,-85.405104
33.015893,-87.127148
33.977358,-86.56644
32.101759,-85.717261
31.751667,-86.681969
33.771706,-85.822513
32.915504,-85.394032
34.069515,-85.654242
32.854051,-86.726607
31.990997,-88.248908
31.685521,-87.818624
33.2704,-85.863525
33.671964,-85.516126
31.402258,-85.989602
34.703112,-87.801457
31.430926,-86.988722
32.931445,-86.243482
31.243987,-86.448721
31.732826,-86.319222
34.131923,-86.869267
31.430654,-85.609476
32.33354,-87.114356
34.460929,-85.803992
32.597229,-86.142735
31.122287,-87.16841
34.047641,-86.034263
33.716157,-87.764292
34.441989,-87.842814
31.092393,-85.821011
32.844497,-87.9642
32.752796,-87.623061
31.516978,-85.239971
31.158193,-85.296398
34.764114,-85.980056
33.553444,-86.896536
33.787085,-88.087431
34.904122,-87.650997
34.529776,-87.321865
32.604064,-85.353048
34.810239,-86.981399
32.147888,-86.650586
32.387027,-85.692887
34.764238,-86.55108
32.247591,-87.791091
34.138219,-87.881551
34.309564,-86.321668
30.684572,-88.196568
31.580332,-87.383266
32.202881,-86.204461
34.454484,-86.846402
32.639005,-87.293827
33.296793,-88.096863
31.798651,-85.941604
33.296475,-85.464068
32.289811,-85.18698
33.712963,-86.315663
33.263043,-86.678089
32.597481,-88.200057
33.369314,-86.17593
32.863369,-85.799553
33.29022,-87.522783
33.791558,-87.301094
31.405217,-88.197564
31.990085,-87.304907
34.154607,-87.36529
55.245044,-161.997477
51.959447,178.338813
61.17425,-149.284329
60.929141,-160.152625
58.730149,-156.996679
63.681106,-150.026544
60.299091,-158.09732
64.692317,-146.601733
59.098771,-135.576936
58.403336,-135.884909
58.37291,-134.178445
60.366668,-152.322283
55.449938,-131.106685
57.270775,-153.953863
62.28306,-163.190903
58.108693,-156.414141
62.279075,-149.617562
64.783686,-164.188912
69.449343,-153.47283
67.005066,-160.021086
57.112458,-133.008598
55.682773,-133.162389
57.193204,-135.367396
59.575097,-135.335418
63.864997,-143.218628
61.34984,-145.023141
56.180779,-132.026788
60.019872,-140.414566
65.375716,-151.577878
35.385084,-109.490172
31.840129,-109.775163
35.829692,-111.773728
33.789618,-110.81187
32.931828,-109.87831
33.238872,-109.242323
33.72761,-114.038806
33.346541,-112.495534
35.717705,-113.749689
35.390785,-110.321025
32.128523,-111.783027
32.919038,-111.367005
31.525733,-110.845228
34.631212,-112.577385
32.773942,-113.910905
34.28957,-91.376547
33.190835,-91.772267
36.28071,-92.330438
36.337825,-94.256187
36.304308,-93.079204
33.466549,-92.169156
33.56046,-92.513879
36.337774,-93.541663
33.267139,-91.297158
34.053316,-93.176208
36.367302,-90.418704
35.566315,-92.05995
33.893201,-92.188714
33.223038,-93.232843
35.265702,-92.689248
35.827729,-90.631421
35.583041,-94.236224
35.211878,-90.315331
35.285692,-90.763984
33.967823,-92.653999
33.828752,-91.244103
33.587242,-91.722778
35.146286,-92.324711
35.508558,-93.887665
36.383619,-91.819664
34.578861,-93.146915
34.285568,-92.422979
36.120607,-90.566346
33.728611,-93.665809
34.315177,-92.944147
34.083064,-93.990931
35.737499,-91.559942
36.094879,-91.913625
35.596605,-91.223178
34.277695,-91.930701
35.573359,-93.466322
33.240629,-93.611514
36.041098,-91.101153
34.779858,-90.779345
33.957675,-91.727626
33.699497,-94.229774
35.218654,-93.72091
34.755114,-91.894132
36.012545,-93.724053
36.266672,-92.678567
33.305505,-93.901502
35.766943,-90.052209
34.679512,-91.20331
34.545581,-93.66333
33.666699,-93.305072
35.910742,-93.215899
33.59116,-92.878415
34.946363,-92.926877
34.423687,-90.855593
34.158191,-93.658659
35.56887,-90.681104
34.490915,-94.230884
35.456557,-93.026818
34.831116,-91.55362
34.770311,-92.312996
36.341298,-91.028441
35.014026,-90.742138
34.648525,-92.674463
34.858869,-94.063641
35.896387,-92.695888
35.196981,-94.274989
33.994877,-94.243279
36.173399,-91.471069
35.857031,-92.140573
33.168219,-92.598145
35.582953,-92.515976
35.971209,-94.218417
35.255118,-91.753034
35.192777,-91.244535
34.997713,-93.408303
37.647139,-121.912488
38.621783,-119.798352
38.44355,-120.653856
39.665959,-121.601919
38.1839,-120.561441
39.177739,-122.237563
37.919479,-121.951543
41.749903,-123.980998
38.785532,-120.534398
36.761006,-119.655019
39.602546,-122.4017
40.706673,-123.925818
33.040814,-115.3554
36.561977,-117.403927
35.346629,-118.729506
36.072478,-119.81553
39.094802,-122.746757
40.721086,-120.629952
34.196398,-118.261862
37.209821,-119.749802
38.051817,-122.745974
37.570033,-119.91286
39.432388,-123.442881
37.194806,-120.722802
41.592918,-120.71837
37.915836,-118.875167
36.240107,-121.315572
38.5071,-122.325904
39.297508,-120.771343
33.675687,-117.777207
39.062032,-120.722718
39.992295,-120.824371
33.729828,-116.002239
38.450011,-121.340441
36.610702,-121.085296
34.85722,-116.181197
33.023604,-116.776117
37.727239,-123.032229
37.934982,-121.272244
35.385224,-120.447544
37.414663,-122.371545
34.537057,-120.039973
37.220777,-121.690622
37.012488,-122.007205
40.760514,-122.043556
39.576925,-120.521993
41.587986,-122.533287
38.267226,-121.939594
38.525182,-122.92611
37.562316,-121.002831
39.03619,-121.70394
40.126156,-122.232276
40.647724,-123.114404
36.228824,-118.781061
38.021434,-119.964733
34.358741,-119.133143
38.679595,-121.902441
39.266247,-121.340781
39.874325,-104.331872
37.568442,-105.788041
39.644554,-104.331706
37.202395,-107.050863
37.306693,-102.537758
37.931891,-103.077584
40.09497,-105.397691
39.953302,-105.052038
38.738224,-106.316685
38.835386,-102.604585
39.689403,-105.670783
37.213406,-106.176447
37.277547,-105.42894
38.30618,-103.772736
38.101994,-105.373515
38.861756,-107.864757
39.76185,-104.881105
37.747602,-108.530383
39.325414,-104.925987
39.626992,-106.695169
39.310582,-104.117729
38.827383,-104.527472
38.45517,-105.424958
39.599352,-107.90978
39.861156,-105.528878
40.123205,-106.095935
38.67264,-107.066506
37.821165,-107.338261
37.687815,-104.959928
40.663432,-106.329248
39.579511,-105.245462
38.387663,-102.756849
39.30534,-102.603023
39.205341,-106.350079
37.287367,-107.839718
40.658093,-105.486764
37.318831,-104.04411
38.99374,-103.507555
40.728091,-103.090464
39.019421,-108.461893
37.549067,-107.003236
40.616358,-108.211099
37.338025,-108.595786
38.407507,-108.266282
40.263167,-103.812285
37.88417,-103.72126
38.154731,-107.78848
39.118914,-105.717648
40.594712,-102.345105
39.217332,-106.915783
37.958181,-102.392161
38.170658,-104.489892
39.972622,-108.200716
37.485853,-106.453128
40.483664,-106.987702
38.031651,-106.234666
37.781074,-107.670257
38.009374,-108.427326
40.871568,-102.355358
39.621023,-106.137555
38.870023,-105.187339
39.96579,-103.209744
40.555961,-104.383666
40.000631,-102.422649
41.227413,-73.367061
41.806053,-72.732916
41.791883,-73.235404
41.433003,-72.52278
41.349717,-72.900204
41.472651,-72.108633
41.858081,-72.340978
41.824999,-71.990702
39.097088,-75.502982
39.575915,-75.644132
38.673227,-75.337024
38.904103,-77.017229
29.67574,-82.357221
30.324442,-82.302284
30.238117,-85.63143
29.952386,-82.166599
28.298304,-80.700331
26.193535,-80.476683
30.388801,-85.197915
26.868933,-81.941077
28.84364,-82.52481
29.986584,-81.865036
26.118786,-81.400955
30.221333,-82.623168
27.190581,-81.806253
29.580899,-83.195666
30.335245,-81.648113
30.611638,-87.3389
29.474912,-81.286305
29.810176,-84.799174
30.578687,-84.612607
29.723456,-82.795801
26.95481,-81.19082
29.907257,-85.256537
30.491226,-82.951069
27.492846,-81.82158
26.539967,-81.152114
28.573043,-82.466227
27.342627,-81.340921
27.906607,-82.349719
30.866222,-85.812959
27.700528,-80.574789
30.78925,-85.208813
30.424558,-83.890859
29.990066,-83.17851
28.764113,-81.712282
26.559035,-81.891994
30.45931,-84.2778
29.284457,-82.783462
30.259849,-84.86858
30.447233,-83.470416
27.481682,-82.368767
29.202805,-82.0431
27.083604,-80.398201
25.61058,-80.499137
25.615457,-81.189971
30.605926,-81.764929
30.665851,-86.594187
27.385592,-80.887388
28.514435,-81.323295
28.059027,-81.139312
26.649124,-80.448374
28.307465,-82.464584
27.903122,-82.739518
27.953115,-81.692783
29.606006,-81.740894
29.890644,-81.383948
27.379812,-80.443537
30.701838,-87.012762
27.184386,-82.365835
28.690092,-81.131989
28.71431,-82.074703
30.189244,-82.992754
30.009908,-83.609483
30.05428,-82.366918
29.057769,-81.161792
30.140358,-84.375112
30.631211,-86.176614
30.602217,-85.662797
31.739712,-82.290103
31.296861,-82.878199
31.55021,-82.451433
31.31958,-84.454881
33.05949,-83.255457
34.351922,-83.498441
33.992009,-83.712303
34.240917,-84.838188
31.740775,-83.14719
31.288652,-83.22787
32.808844,-83.694193
32.435403,-83.331717
31.197334,-81.982978
30.822934,-83.581905
32.017969,-81.438543
32.391711,-81.744021
33.050819,-82.011571
33.290355,-83.958221
31.521279,-84.62629
30.913347,-81.642001
32.403851,-82.071236
33.582237,-85.080527
34.900218,-85.139386
30.779904,-82.139644
31.98041,-81.085196
32.347445,-84.788021
34.474178,-85.345289
34.244317,-84.475057
33.952185,-83.367152
31.619831,-84.992583
33.542686,-84.355573
30.917653,-82.702614
33.93994,-84.574166
31.549245,-82.844938
31.189758,-83.769741
33.547631,-82.252296
31.152528,-83.429438
33.352897,-84.762138
32.709428,-83.979187
31.915149,-83.753531
34.852424,-85.506201
34.442842,-84.173284
30.880655,-84.584144
33.770661,-84.226343
32.160235,-83.156241
32.151995,-83.807167
31.532588,-84.20904
33.699317,-84.765944
31.324191,-84.906723
30.7085,-82.836132
32.361711,-81.343337
34.116455,-82.841834
32.5911,-82.299763
32.153083,-81.890153
34.866543,-84.317331
33.412717,-84.493941
34.263684,-85.213654
34.225143,-84.127435
34.375081,-83.228064
33.790034,-84.468182
34.690495,-84.454651
33.227491,-82.606913
31.212746,-81.496517
34.509667,-84.873862
30.875903,-84.245008
33.57674,-83.166613
33.959148,-84.023085
34.634392,-83.525875
34.317588,-83.818497
33.26922,-83.000465
33.795165,-85.220062
32.731549,-84.912432
34.348733,-82.96329
33.291347,-85.137879
33.452947,-84.154021
32.458381,-83.662856
31.604306,-83.277037
34.130901,-83.562545
33.318169,-83.690142
31.811615,-82.636825
33.058176,-82.420004
32.794563,-81.971524
32.694584,-82.66397
33.020226,-83.562339
33.07446,-84.146721
31.038197,-83.063164
32.39322,-82.926317
31.818419,-84.146681
31.807458,-81.457871
33.792151,-82.448299
31.749563,-81.74287
30.833127,-83.268992
34.568135,-83.998906
33.482464,-82.473188
31.488592,-81.37246
32.362686,-84.051231
34.128526,-83.203737
32.359538,-84.529561
33.029267,-84.667058
31.162908,-84.730386
31.228997,-84.192038
33.017435,-83.922938
32.172108,-82.533349
33.593474,-83.491049
34.797097,-84.73799
32.510197,-84.874946
33.544021,-83.855185
33.834125,-83.437728
33.866806,-83.074081
33.921026,-84.867162
32.571324,-83.831978
34.456813,-84.490339
31.353988,-82.210427
33.090768,-84.386627
33.996015,-85.188338
32.238794,-83.481855
33.32106,-83.37179
31.862948,-85.004801
34.883949,-83.404859
31.762651,-84.752311
33.361487,-82.074998
33.652081,-84.02637
32.263441,-84.322724
32.744751,-81.617585
30.933894,-84.867592
33.262389,-84.286067
34.552914,-83.290216
32.073225,-84.834912
32.042198,-84.20426
32.704603,-84.530029
33.559319,-82.875272
32.043768,-82.059208
32.554667,-84.251426
31.913639,-82.931062
31.777191,-84.439446
30.864606,-83.91982
31.457003,-83.525931
32.126698,-82.332071
34.902529,-83.732264
32.409586,-82.570882
33.034482,-85.02836
31.7248,-83.620319
32.665847,-83.425879
34.833333,-83.989257
32.881837,-84.292281
34.735827,-85.305385
33.783887,-83.731829
31.050881,-82.421507
33.419169,-82.688012
32.971848,-82.798112
31.547845,-81.912376
32.046691,-84.553828
32.105268,-82.733865
34.643776,-83.743417
34.801726,-84.968541
31.962717,-83.438262
33.779031,-82.747921
32.804266,-83.175512
31.551773,-83.84996
19.597764,-155.502443
21.461365,-158.201974
21.218764,-156.97401
22.012038,-159.705965
20.855931,-156.60155
43.451477,-116.244376
44.877004,-116.461624
42.692921,-112.228982
42.285892,-111.327517
47.218451,-116.633541
43.216357,-112.399206
43.394192,-113.955371
43.987275,-115.71511
48.324634,-116.627443
43.395171,-111.621878
48.773133,-116.524673
43.685101,-113.177631
43.502733,-114.772066
43.623051,-116.708527
42.786072,-111.544273
42.282313,-113.626328
44.290218,-112.354613
46.67257,-115.6535
44.273351,-114.252267
43.394698,-115.471205
42.173609,-111.822965
44.218091,-111.484429
44.061473,-116.398784
42.973185,-114.82142
45.849644,-115.467337
43.796965,-112.318588
42.691395,-114.262086
47.677113,-116.694918
46.81892,-116.730974
44.928506,-113.887042
46.236328,-116.42376
42.986181,-114.153899
43.788614,-111.656993
42.857211,-113.63984
46.333791,-116.760909
42.183895,-112.520449
42.572851,-116.18969
44.00243,-116.750238
42.694126,-112.844407
47.347694,-115.885092
43.760994,-111.211765
42.352309,-114.665639
44.85596,-115.618061
44.448223,-116.797792
39.986052,-91.194961
37.183657,-89.349516
38.885924,-89.436592
42.318983,-88.824295
39.962069,-90.750309
41.401304,-89.528377
39.164262,-90.666295
42.0709,-89.924189
39.969202,-90.245704
40.13898,-88.196996
39.545524,-89.279593
39.332364,-87.791687
38.746832,-88.482344
38.606295,-89.426228
39.51368,-88.220782
41.894294,-87.645455
39.002769,-87.760621
39.273121,-88.240619
41.894612,-88.768991
40.181499,-88.901853
39.766078,-88.222866
41.852058,-88.086038
39.679037,-87.74711
38.417095,-88.047941
39.047945,-88.592849
39.001125,-89.017923
40.596539,-88.224588
37.991848,-88.926246
40.46524,-90.202269
37.768677,-88.227964
39.355444,-90.387757
41.29241,-88.401054
38.085226,-88.539005
40.405792,-91.167987
37.517852,-88.266148
40.814471,-90.941246
41.350021,-90.130838
40.748867,-87.833601
37.786096,-89.381212
39.004874,-88.150763
38.30078,-88.92421
39.080192,-90.361365
42.362391,-90.21147
37.460709,-88.882131
41.939594,-88.42804
41.13951,-87.861117
41.58814,-88.430626
40.930941,-90.213761
42.326435,-87.436033
41.343341,-88.885931
38.718954,-87.730221
41.747442,-89.299351
40.894376,-88.552852
40.129122,-89.365307
40.455808,-90.678954
42.324298,-88.452245
40.494559,-88.844539
39.860237,-88.961529
39.2659,-89.926344
38.827082,-89.900195
38.648106,-88.920488
41.031119,-89.342371
40.236993,-89.913575
37.216119,-88.705658
40.022569,-89.794133
41.204791,-90.741433
38.277983,-90.179078
39.228093,-89.478004
39.7183,-90.202543
39.636896,-88.625726
42.041884,-89.320176
40.785995,-89.767106
38.084381,-89.368525
40.009056,-88.592328
39.625106,-90.889034
37.417169,-88.542374
37.215615,-89.127755
41.198961,-89.298347
38.056515,-89.82121
38.711552,-88.085698
41.468404,-90.572203
38.470198,-89.928546
37.751508,-88.545024
39.757258,-89.662032
40.156905,-90.613464
39.637002,-90.477771
39.384926,-88.798862
41.096908,-89.797411
42.349726,-89.665994
40.508074,-89.51626
37.485644,-89.244638
40.186754,-87.726778
38.445821,-87.839167
40.850441,-90.620223
38.35314,-89.417187
38.431857,-88.43243
38.087372,-88.178585
41.750571,-89.910957
41.448474,-87.978456
37.730353,-88.930018
42.337396,-89.161205
40.789789,-89.210607
40.745733,-84.93613
41.091855,-85.07223
39.205843,-85.897999
40.600945,-87.314846
40.472672,-85.32373
40.050892,-86.469014
39.192864,-86.239728
40.58498,-86.565141
40.753799,-86.355168
38.476217,-85.711122
39.393951,-87.115837
40.305944,-86.477567
38.289433,-86.440871
38.694546,-87.072759
39.148321,-84.973497
39.30598,-85.499831
41.401189,-85.000185
40.227543,-85.399262
38.373344,-86.873385
41.600693,-85.863986
39.639655,-85.185032
38.317936,-85.911474
40.121237,-87.234872
39.409762,-85.066964
41.050384,-86.265006
38.317398,-87.580523
40.515758,-85.654946
39.047147,-87.004771
40.053646,-86.021726
39.82253,-85.773162
38.18644,-86.103681
39.768963,-86.509908
39.929591,-85.397363
40.483537,-86.114118
40.826394,-85.478597
38.911957,-86.042516
41.017688,-87.118814
40.434972,-85.00338
38.783604,-85.44009
38.996234,-85.628111
39.495986,-86.0946
38.688391,-87.420354
41.244293,-85.861575
41.642468,-85.426302
41.472247,-87.374337
41.549013,-86.744739
38.839815,-86.48782
40.166203,-85.722454
39.782976,-86.135794
41.325003,-86.269036
38.705322,-86.801847
40.772881,-86.044258
39.160751,-86.523325
40.040296,-86.892715
39.482646,-86.447457
40.962399,-87.402172
41.40468,-85.417271
38.940527,-84.964299
38.547381,-86.489257
39.317339,-86.838845
39.77425,-87.19695
38.081436,-86.62654
38.397898,-87.232532
41.509916,-87.071313
38.027614,-87.868653
41.045272,-86.692538
39.665548,-86.853373
40.164174,-85.005481
39.10023,-85.260541
39.622357,-85.466403
41.617699,-86.288159
38.679431,-85.751898
39.524135,-85.792174
38.009697,-87.010375
41.284478,-86.644636
41.643467,-85.002405
39.089225,-87.415843
38.825854,-85.029681
40.38913,-86.893555
40.310229,-86.056207
39.623111,-84.925152
38.02007,-87.586166
39.854045,-87.462071
39.429143,-87.390375
40.843747,-85.795192
40.352658,-87.375847
38.097728,-87.272049
38.600613,-86.104751
39.863091,-85.006735
40.735273,-85.212974
40.75095,-86.864293
41.136426,-85.501892
41.328528,-94.478164
41.021656,-94.696906
43.274964,-91.382751
40.744296,-92.873061
41.679178,-94.904312
42.092547,-92.05763
42.471541,-92.308033
42.038601,-93.938363
42.780895,-92.327356
42.470328,-91.838666
42.741522,-95.141432
42.734708,-92.780066
42.38617,-94.643683
42.039492,-94.867647
41.333824,-94.933302
41.77236,-91.132611
43.074975,-93.250965
42.742737,-95.633262
43.059741,-92.31721
41.029191,-93.784096
43.081224,-95.149875
42.840985,-91.323576
41.898073,-90.534243
42.043119,-95.38909
41.685321,-94.040707
40.748089,-92.410345
40.736379,-93.78458
42.472937,-91.366767
40.915339,-91.186925
43.389611,-95.196057
42.463481,-90.878771
43.377984,-94.66937
42.864122,-91.840376
43.052741,-92.787367
42.736549,-93.271425
40.74259,-95.599182
42.042494,-94.388703
42.403323,-92.790261
41.683573,-94.501272
42.390768,-93.709198
43.075411,-93.743697
42.390208,-93.241669
41.688584,-95.827149
40.985864,-91.54427
43.365312,-92.321908
42.782221,-94.202775
42.39186,-95.507421
41.683918,-92.059123
42.164281,-90.574596
41.685551,-93.054147
41.006384,-91.96744
41.668877,-91.588924
42.125118,-91.116914
41.331182,-92.167721
43.212478,-94.213983
40.647588,-91.477157
42.077951,-91.597674
41.218211,-91.256994
41.033344,-93.331467
43.38358,-96.207201
41.330622,-94.015184
41.330797,-92.636366
41.331455,-93.093849
42.041691,-92.981452
41.033703,-95.619101
43.348564,-92.784466
42.049432,-95.956566
41.028847,-92.869642
41.021735,-95.15779
41.483776,-91.118699
43.083746,-95.625624
43.378542,-95.633788
40.73909,-95.14429
43.075337,-94.669055
42.737585,-96.215864
42.734033,-94.678279
41.684816,-93.568971
41.340184,-95.544905
41.684526,-92.522882
40.735334,-94.244251
42.387526,-95.105224
41.642079,-90.622289
41.679014,-95.308917
43.082646,-96.17801
42.037538,-93.466093
42.074848,-92.529411
40.737949,-94.697108
41.02855,-94.245091
40.754117,-91.952943
41.031263,-92.409482
41.336862,-93.564222
41.329401,-91.725052
40.739983,-93.332613
42.433579,-94.175831
43.378124,-93.743488
43.292989,-91.850788
42.39322,-96.053296
43.373491,-93.248533
42.733007,-93.734735
37.884228,-95.300945
38.215114,-95.292046
39.532544,-95.313397
37.222906,-98.685052
38.481239,-98.767837
37.8561,-94.850928
39.825931,-95.569905
37.773649,-96.83884
38.299475,-96.594029
37.154259,-96.245396
37.169392,-94.845698
39.789918,-101.727326
37.233831,-99.813869
39.344964,-97.168853
39.487329,-97.64139
38.23645,-95.729137
37.181442,-99.251293
37.234507,-96.837247
37.50582,-94.853897
39.783542,-100.459708
38.867735,-97.157943
39.788502,-95.147225
38.896415,-95.290946
37.883595,-99.304746
37.456026,-96.244642
38.914596,-99.317329
38.700845,-98.205355
38.049808,-100.739967
37.688416,-99.884748
38.558019,-95.278962
39.002156,-96.768037
38.917239,-100.48736
39.354972,-99.879894
37.547537,-101.299362
37.744513,-100.451716
38.480404,-101.80597
37.879347,-96.241732
37.995244,-101.793689
37.188184,-98.06659
38.050144,-97.436706
37.554979,-100.879952
38.087493,-99.898407
39.411145,-95.794485
39.239644,-95.375314
39.77701,-98.222584
38.883907,-94.82233
37.994461,-101.308136
37.552951,-98.144529
37.561231,-99.286539
37.191468,-95.297473
38.481286,-100.466185
39.189511,-95.038977
39.047276,-98.214265
38.216549,-94.844932
38.913269,-101.157407
38.455498,-96.161589
38.395812,-97.647489
38.359647,-97.102771
39.782709,-96.521243
37.243886,-100.360094
38.566772,-94.832963
39.393026,-98.207362
37.189537,-95.742403
38.688204,-96.651448
37.185249,-101.809516
39.791043,-96.005381
37.564283,-95.315683
38.480437,-99.908745
39.783867,-99.899235
38.648409,-95.707596
39.348261,-98.767942
39.137963,-97.654802
38.181477,-99.234772
39.784506,-99.34215
39.382187,-96.337113
37.647594,-98.74012
39.786198,-101.076738
37.948185,-98.078346
39.82891,-97.650921
38.347178,-98.201415
39.291211,-96.727489
39.346006,-99.324492
38.523592,-99.309183
38.91604,-98.770949
38.786327,-97.650153
38.481877,-100.90636
37.681045,-97.461054
37.180623,-100.854932
39.041805,-95.755664
39.350542,-100.441206
39.351352,-101.719859
39.78466,-98.785429
38.03563,-98.719889
37.565932,-101.789383
37.200969,-101.317577
37.236662,-97.493352
39.357706,-101.083438
38.921302,-99.865423
38.955154,-96.201262
38.926626,-101.771103
39.776714,-97.095611
38.481922,-101.347434
37.558515,-95.745175
37.888197,-95.758489
39.115384,-94.763087
37.105559,-85.28138
36.75077,-86.192458
38.005396,-84.986417
37.051323,-89.010367
36.963671,-85.925162
38.152249,-83.737641
36.72268,-83.681046
38.974595,-84.731431
38.202562,-84.20986
38.360004,-82.681406
37.618104,-84.868352
38.680365,-84.115235
37.506632,-83.28304
37.777988,-86.432919
37.969928,-85.702641
37.207013,-86.682471
37.148642,-87.870509
36.620978,-88.274086
38.946981,-84.379583
36.857726,-88.975757
38.668394,-85.124024
38.309549,-83.048796
37.321962,-84.92822
36.892059,-87.492986
37.970133,-84.144974
37.157317,-83.718433
36.727258,-85.136098
37.358149,-88.10501
36.784224,-85.393507
37.731671,-87.087139
37.227514,-86.218015
38.115438,-83.097209
37.692449,-83.963983
38.040676,-84.458274
38.368431,-83.706152
37.559878,-82.743361
38.234919,-84.868786
36.552511,-89.187659
38.760103,-84.862153
37.630162,-84.545856
38.64916,-84.625927
36.723344,-88.649897
37.458577,-86.344011
37.269637,-85.561403
38.563562,-82.93382
37.843325,-86.792761
37.695836,-85.963183
36.859223,-83.221497
38.444578,-84.334131
37.316435,-85.8791
37.792542,-87.572577
38.451585,-85.11989
36.675896,-88.972084
37.31107,-87.542196
37.403458,-84.020576
38.189532,-85.657624
37.873291,-84.58396
37.84926,-82.830639
38.930503,-84.533438
37.359724,-82.945724
36.887476,-83.85563
37.544462,-85.696841
37.113268,-84.119395
38.074457,-82.738302
37.608116,-83.719248
37.087846,-83.388617
37.118536,-82.861251
38.552152,-83.376774
37.457174,-84.658335
37.209517,-88.363426
36.859829,-86.881436
37.023976,-88.083391
37.053683,-88.712366
36.731136,-84.491052
37.526707,-87.265597
37.723592,-84.276998
37.698953,-83.069716
37.552604,-85.268959
36.882017,-88.332752
37.796774,-82.506623
38.594137,-83.828125
37.967476,-86.200863
37.950665,-83.597515
37.812085,-84.879694
36.992515,-85.633598
36.714077,-85.713508
38.038138,-83.912337
37.92294,-83.258944
37.213816,-87.134092
37.803188,-85.465955
38.337132,-84.025554
37.477859,-86.844871
38.400127,-85.456152
38.499394,-84.84159
37.423614,-83.691628
38.696284,-84.351944
37.241282,-83.217772
37.486031,-82.410913
37.800629,-83.820015
37.108312,-84.579986
38.513473,-84.06423
37.36105,-84.314368
38.20425,-83.42807
36.990605,-85.054874
38.289882,-84.579376
38.239028,-85.228266
36.740947,-86.581746
38.024903,-85.316765
37.366184,-85.327836
36.840338,-87.183642
36.807681,-87.858652
38.62004,-85.351208
37.658029,-87.95165
36.995634,-86.423579
37.754209,-85.175416
36.802011,-84.83044
37.51946,-87.68479
36.758024,-84.144648
37.743774,-83.495068
38.043103,-84.748863
30.291497,-92.411037
30.652744,-92.819605
30.206444,-90.912502
29.898853,-91.052465
31.088503,-91.983275
30.645018,-93.340253
32.340952,-93.041151
32.695851,-93.616132
32.577195,-93.882423
30.229559,-93.358015
32.101219,-92.114231
29.871812,-93.164948
31.666517,-91.846703
32.827043,-92.989767
31.469805,-91.626314
32.059248,-93.740797
30.54393,-91.093131
32.73017,-91.234141
30.839784,-91.043434
30.720693,-92.404086
32.139076,-91.672371
31.597787,-92.561716
29.606013,-91.842706
30.270628,-91.365848
32.30429,-92.5617
29.5033,-90.036231
30.269529,-92.816221
30.206507,-92.06417
29.491992,-90.394849
31.680083,-92.161596
32.601823,-92.662303
30.440419,-90.727474
32.341375,-91.242023
32.820008,-91.800399
31.732551,-93.082611
30.05342,-89.934502
32.477664,-92.154848
29.402337,-89.298489
30.708319,-91.604621
31.193204,-92.535953
32.101213,-93.34905
32.413158,-91.748353
31.560402,-93.559579
29.91811,-89.263494
29.905722,-90.357855
30.822539,-90.708307
30.024777,-90.793956
30.147307,-90.485674
30.583441,-91.989274
30.121433,-91.611481
29.629349,-91.463804
30.410022,-89.951962
30.62158,-90.406633
32.001489,-91.342576
29.33413,-90.843674
32.829349,-92.37565
29.789722,-92.291568
31.110563,-93.18152
30.852144,-90.046253
32.732152,-93.339825
30.464052,-91.309808
32.79248,-91.451998
30.872701,-91.421008
31.941187,-92.641269
44.167681,-70.207435
46.727082,-68.649426
43.808348,-70.330375
44.973012,-70.444727
44.564906,-68.370703
44.417012,-69.765764
44.042045,-69.038514
43.994263,-69.514038
44.4945,-70.734421
45.409279,-68.666598
45.917685,-69.104536
43.916645,-69.844326
45.507482,-69.97604
44.505834,-69.138952
44.967009,-67.609354
43.426019,-70.668425
39.612313,-78.703104
38.993579,-76.56048
39.443167,-76.616569
38.522611,-76.529493
38.871531,-75.831662
39.563301,-77.015368
39.562354,-75.941585
38.472853,-77.015427
38.429196,-76.047433
39.470429,-77.397624
39.547299,-79.274619
39.537429,-76.299789
39.252264,-76.924406
39.241279,-76.125987
39.137381,-77.203063
38.82588,-76.847272
39.040693,-76.082405
38.220289,-76.530384
38.07445,-75.853323
38.748352,-76.17848
39.603621,-77.814671
38.367375,-75.632089
38.222133,-75.309931
39.300032,-76.610476
41.799014,-70.21188
42.375314,-73.213948
41.746863,-71.090509
41.38097,-70.701499
42.642711,-70.865107
42.584504,-72.591792
42.136198,-72.635648
42.339459,-72.663694
42.481711,-71.394917
41.305878,-70.14191
42.17175,-71.181115
41.987196,-70.741942
42.33196,-71.020173
42.311693,-71.940282
44.682535,-82.83408
47.080077,-86.564108
42.595787,-86.634745
44.894954,-83.426574
45.005455,-85.175639
44.036833,-83.740675
46.695859,-88.36181
42.582811,-85.31455
43.699711,-83.978701
44.648621,-86.494317
41.792639,-86.741822
41.918455,-85.066885
42.24299,-85.012385
41.916966,-86.000257
45.513164,-85.450392
45.47612,-84.495271
46.321819,-84.52063
43.991137,-84.838325
42.950455,-84.591695
44.680208,-84.611132
45.805229,-86.901938
46.012823,-87.866119
42.589614,-84.846524
45.590094,-84.986822
43.021077,-83.706372
43.98975,-84.389816
46.488054,-89.788314
44.718688,-85.553848
43.292326,-84.60469
41.864475,-84.642409
46.998431,-88.651908
43.907616,-82.857045
42.603534,-84.373811
42.94465,-85.073766
44.329482,-82.849447
46.170254,-88.540526
43.645233,-84.839424
42.248474,-84.420868
42.246266,-85.532854
44.678881,-85.088992
43.032497,-85.547446
47.681974,-88.148797
43.995187,-85.8114
43.088633,-83.224325
45.146182,-86.051574
41.896109,-84.07435
42.602532,-83.911718
46.940602,-85.582368
46.167868,-85.303762
42.671467,-82.910869
44.350385,-86.602967
46.656596,-87.584028
43.996636,-86.750814
43.635295,-85.332751
45.538237,-87.492949
43.648203,-84.379414
44.325424,-85.085471
41.916097,-83.487106
43.312782,-85.149468
45.024134,-84.130107
43.289258,-86.751892
43.562709,-85.791423
42.660452,-83.38421
43.647255,-86.807575
44.33328,-84.128073
47.216604,-89.500461
43.997552,-85.322283
44.687257,-84.126905
45.021787,-84.576603
42.942461,-86.654946
45.489515,-83.384019
44.339517,-84.611271
43.328267,-84.05541
42.928803,-82.668913
41.911488,-85.52287
43.449155,-82.642815
46.021122,-86.197029
42.951545,-84.146352
43.487902,-83.436618
42.28215,-86.306076
42.252327,-83.844634
42.284664,-83.261953
44.331375,-85.570046
46.602446,-93.41976
45.27411,-93.242723
46.937629,-95.741757
47.879508,-95.00505
45.701225,-94.00144
45.419925,-96.402226
44.03371,-94.064012
44.246541,-94.733647
46.603818,-92.671044
44.82132,-93.800091
46.951745,-94.333705
45.028625,-95.564108
45.505444,-92.903849
46.898377,-96.494901
47.575873,-95.371117
47.538569,-90.29019
44.010711,-95.18313
46.491653,-94.070718
44.670893,-93.062481
44.020706,-92.869353
45.936829,-95.462156
43.676522,-93.947234
43.679187,-92.093937
43.674202,-93.350289
44.406178,-92.716
45.930743,-96.010699
45.006121,-93.475228
43.66699,-91.501556
47.095551,-94.91329
45.562431,-93.296339
47.490817,-93.611102
43.671111,-95.149731
45.94776,-93.297788
45.152714,-95.004981
48.77604,-96.780349
48.245489,-93.782842
44.999857,-96.176838
47.517111,-91.411704
48.7681,-94.904633
44.373424,-93.730143
44.408238,-96.272032
44.409195,-95.847268
44.821657,-94.272323
47.328387,-95.811089
48.362728,-96.357761
43.677118,-94.537252
45.123155,-94.527346
45.929043,-93.632996
46.020484,-94.266619
43.666249,-92.759514
44.015594,-95.761581
44.358819,-94.245685
43.677686,-95.763132
47.32947,-96.463807
44.003429,-92.406722
46.405725,-95.714578
48.069247,-96.037725
46.10094,-92.763094
44.015361,-96.257015
47.774254,-96.400027
45.589623,-95.446705
45.01525,-93.100141
47.865487,-96.08718
44.403536,-95.254241
44.723697,-94.955617
44.350943,-93.298503
43.669587,-96.263238
48.761068,-95.821504
47.578635,-92.51457
44.651805,-93.533731
45.453176,-93.76913
44.575734,-94.230123
45.555235,-94.610482
44.015261,-93.220453
45.593461,-95.992315
45.27581,-95.690124
46.066569,-94.900576
45.769935,-96.474832
44.289693,-92.23334
46.586986,-94.988608
44.01846,-93.589844
45.037929,-92.890117
43.978096,-94.613842
46.362335,-96.476657
43.982268,-91.776708
45.175091,-93.966396
44.715736,-95.862756
31.486218,-91.351781
34.886569,-88.581109
31.203933,-90.795542
33.09047,-89.588622
34.810518,-89.200285
33.799139,-90.88412
33.936634,-89.337114
33.440795,-89.918887
33.921654,-88.945808
33.345964,-89.251332
31.97281,-90.915424
32.045374,-88.687976
33.661733,-88.783326
34.22867,-90.603165
31.866915,-90.448758
31.633331,-89.548897
34.874266,-89.99324
31.18858,-89.259447
31.477776,-90.895811
30.855431,-88.642268
31.212845,-88.634811
33.770031,-89.80274
30.391641,-89.482791
30.416536,-89.083376
32.267788,-90.466017
33.125942,-90.091197
33.130996,-90.523421
32.755539,-91.003535
34.281075,-88.363127
30.456005,-88.625101
32.016989,-89.11943
31.733633,-91.043878
31.565606,-89.826517
31.616601,-89.168532
32.750136,-88.625631
34.349298,-89.485903
31.197586,-89.506369
32.403998,-88.660449
31.550009,-90.10753
32.760737,-89.522236
34.29237,-88.682439
33.54979,-90.294934
31.535216,-90.453566
33.471424,-88.439723
32.63437,-90.03416
31.230167,-89.821712
34.76619,-89.504231
33.89003,-88.485038
33.500714,-89.639625
32.752518,-89.119274
32.40197,-89.118412
33.106508,-88.566004
33.422313,-88.876151
34.365205,-89.963065
30.774793,-89.586904
31.169307,-88.988755
31.177516,-90.397728
34.227081,-89.037239
34.621104,-88.522179
34.252833,-90.290171
32.267123,-89.946063
32.427127,-89.533209
32.892395,-90.827613
31.902505,-89.917709
32.019029,-89.494877
30.790184,-89.112297
33.605529,-90.59509
33.954527,-90.172245
34.649553,-89.943105
34.763618,-88.918819
34.737697,-88.236064
34.652201,-90.37177
34.489533,-89.002339
31.164492,-90.103431
32.356095,-90.852384
33.273174,-90.944446
31.642503,-88.678214
33.612048,-89.283836
31.161091,-91.324617
33.078724,-89.037391
34.030666,-89.703807
32.765675,-90.387928
40.190666,-92.603592
39.988863,-94.803551
40.431846,-95.437555
39.21448,-91.843415
36.699378,-93.834326
37.500799,-94.344089
38.257217,-94.339246
38.301036,-93.287942
37.318346,-90.024604
38.989861,-92.310202
39.660369,-94.808173
36.71518,-90.40313
39.658998,-93.979179
38.835547,-91.923446
38.026527,-92.765327
37.384141,-89.685658
39.427375,-93.500227
36.944858,-90.945705
38.646474,-94.354547
37.733655,-93.850014
39.517968,-92.96162
36.969739,-93.187614
40.407275,-91.729472
39.315551,-94.421502
39.608723,-94.395803
38.503233,-92.280027
38.845386,-92.812323
37.96656,-91.313933
37.43235,-93.854878
37.683583,-93.033812
39.962839,-93.970053
39.894665,-94.40719
37.603075,-91.489716
36.946517,-92.515892
36.153025,-90.062254
38.408313,-91.07341
38.441183,-91.50578
40.208127,-94.405321
37.258196,-93.340641
40.112541,-93.565054
40.34562,-93.992582
38.386491,-93.792628
37.9367,-93.322834
40.095724,-95.219072
39.143365,-92.695926
36.774369,-91.887368
37.625971,-90.699587
39.005441,-94.343326
37.205197,-94.337259
38.257599,-90.543542
38.741528,-93.811863
40.136776,-92.146809
37.659688,-92.59484
39.068705,-93.802639
37.10659,-93.830551
40.084559,-91.728803
39.062255,-90.962916
39.86444,-93.108019
39.778587,-93.548201
36.630218,-94.343956
39.829795,-92.56434
37.473235,-90.345453
38.162615,-91.923601
39.807538,-91.635379
40.421413,-93.567631
38.21668,-92.429876
36.826264,-89.295929
38.633037,-92.583642
39.49827,-92.006458
38.935184,-91.465427
38.420807,-92.874835
36.594261,-89.655948
36.908364,-94.335021
40.361136,-94.883146
36.68531,-91.401827
38.464253,-91.859504
36.64959,-92.458549
36.209916,-89.785942
37.71113,-89.802125
38.727367,-93.285207
37.866326,-91.790349
39.339959,-91.171607
39.378696,-94.761472
37.616761,-93.400817
37.824835,-92.207022
40.478606,-93.014531
39.553455,-91.524787
39.439249,-92.492959
39.308401,-93.995746
37.360857,-90.969516
36.648902,-90.86706
38.781102,-90.674915
38.039069,-93.773076
37.885845,-90.161531
37.810707,-90.473868
38.640702,-90.445954
39.13584,-93.204164
40.469361,-92.519016
40.447686,-92.142824
37.047793,-89.568098
37.152498,-91.391328
39.797531,-92.088719
36.851557,-89.947481
36.751004,-93.473701
40.209587,-93.109783
36.649827,-93.042819
37.314257,-91.964478
37.850196,-94.341597
38.761902,-91.159306
37.942611,-90.897018
37.112319,-90.452378
37.280804,-92.87608
40.480192,-94.418748
37.267636,-92.48001
38.635699,-90.244582
45.133863,-112.892869
45.407869,-107.518163
48.428282,-108.967648
46.329849,-111.497873
45.224475,-109.028551
45.516825,-104.515324
47.316443,-111.350571
47.886837,-110.436189
46.261481,-105.550508
48.794429,-105.541739
47.272425,-104.901027
46.094612,-113.141624
46.318184,-104.405718
47.223641,-109.223714
48.314575,-114.054533
45.518054,-111.163921
47.280033,-106.986706
48.705671,-112.990502
46.380624,-109.174586
46.395955,-113.427356
48.631959,-110.106321
46.124246,-112.059424
47.032558,-110.30532
47.642901,-114.083687
47.122034,-112.382924
48.559654,-111.036924
48.552385,-115.463185
47.629628,-105.757222
45.325278,-111.913781
46.5857,-110.92174
47.154909,-115.064849
47.027263,-113.892681
46.505281,-108.439763
45.421905,-110.532798
47.141917,-108.226575
48.250143,-107.928897
48.230312,-112.219928
45.408926,-105.555344
46.844225,-112.9311
46.812384,-105.503994
46.079298,-114.119065
47.785513,-104.563387
48.282747,-104.99517
46.17336,-106.66641
47.7565,-115.180295
48.705523,-104.533913
45.895959,-112.660222
45.658903,-109.382098
45.811292,-109.944796
47.819035,-112.281725
48.645052,-111.733493
46.209558,-107.280369
48.34985,-106.670424
46.497047,-109.857147
46.962966,-104.274518
45.936987,-108.276656
40.520632,-98.500044
42.183225,-98.058037
41.571944,-101.695898
41.53975,-103.726263
41.92523,-99.990771
41.703934,-98.070476
42.21038,-103.081779
42.894448,-98.773022
42.359562,-99.92392
40.855226,-99.074983
41.854179,-96.337746
41.226072,-97.132039
40.909878,-96.140609
42.604511,-97.256824
40.53039,-101.694192
42.571323,-101.047653
41.214236,-103.011929
40.523669,-98.05105
41.57496,-97.088945
41.915865,-96.788517
41.393893,-99.726866
42.391645,-96.561356
42.711214,-103.134872
40.867378,-99.815154
41.111903,-102.332609
42.48528,-96.855862
41.577008,-96.645853
41.297091,-96.154066
40.180165,-101.681133
40.52504,-97.596705
40.183203,-98.96208
40.530947,-100.406683
40.191865,-99.909663
40.255234,-96.683453
41.633364,-102.302985
41.906868,-98.951231
40.509095,-99.823206
41.913957,-101.755965
41.567571,-98.530565
40.866027,-98.502664
40.872817,-98.022329
40.178766,-99.403418
40.537234,-101.047963
40.176896,-101.044217
42.459287,-98.784766
41.9187,-101.11681
41.216851,-98.513342
40.175736,-97.143103
40.39501,-96.265367
40.50912,-98.947602
41.194245,-101.644449
42.87548,-99.718351
41.199274,-103.703153
42.634404,-97.891349
40.783547,-96.688658
41.050322,-100.744481
41.542155,-100.443665
41.897665,-99.509776
41.648414,-101.120851
41.909929,-97.606856
41.169801,-98.031051
41.732204,-102.990594
41.402385,-97.991408
40.385236,-95.853056
40.176492,-98.046842
40.637992,-96.131027
40.13785,-96.245225
40.857646,-101.627468
40.516365,-99.406557
42.271413,-97.610992
41.576866,-97.513467
41.187925,-97.570663
40.16942,-100.468576
40.123743,-95.718603
42.394749,-99.420851
40.516802,-97.131755
41.115064,-96.109125
41.223152,-96.640923
41.850331,-103.701549
40.871944,-97.140383
42.512289,-102.36828
41.218743,-98.972849
42.470612,-103.732111
41.905045,-97.177109
40.173845,-97.596263
41.84862,-100.506911
42.154061,-96.533943
41.564094,-98.983484
41.533973,-96.224577
42.210746,-97.126243
40.180646,-98.49859
41.922578,-98.520851
40.873056,-97.596742
39.53771,-118.264165
36.214257,-115.013812
38.905129,-119.609019
41.141133,-115.351424
37.778966,-117.632382
39.977788,-116.272208
41.407914,-118.127591
39.90021,-117.04724
37.634605,-114.863037
39.022213,-119.197425
38.516647,-118.416279
37.965864,-116.459011
40.439639,-118.409477
39.438385,-119.524646
40.734015,-119.662272
39.418234,-114.900605
39.15306,-119.747379
43.519109,-71.425366
43.867774,-71.20156
42.925455,-72.248217
44.652548,-71.289431
43.926439,-71.842422
42.911532,-71.723055
43.299579,-71.680041
42.988599,-71.099072
43.293272,-71.035589
43.361188,-72.222084
39.469354,-74.633758
40.959698,-74.074727
39.875786,-74.663006
39.802352,-74.961251
39.086142,-74.847716
39.328434,-75.121628
40.7874,-74.246292
39.722875,-75.145679
40.731375,-74.078601
40.565283,-74.911969
40.282503,-74.703724
40.439613,-74.407579
40.287048,-74.152446
40.858581,-74.547427
39.865669,-74.258864
41.03789,-74.29828
39.573828,-75.357356
40.565527,-74.619938
41.137461,-74.691914
40.659871,-74.308696
40.853491,-75.009498
35.054002,-106.669064
33.901858,-108.392088
33.361604,-104.469837
34.93205,-108.000374
36.612962,-104.640126
34.572984,-103.346055
34.359273,-104.368696
32.350912,-106.832182
32.457835,-104.306434
32.732087,-108.381504
34.869782,-104.784968
35.85958,-103.851495
31.898052,-108.751929
32.795687,-103.413271
33.740941,-105.449083
35.870047,-106.307968
32.184523,-107.747191
35.583878,-108.253266
35.982841,-104.921898
32.588776,-105.781079
35.107018,-103.548071
36.509669,-106.693983
34.021457,-103.482725
35.685091,-106.883119
36.511624,-108.324578
35.476859,-104.803519
35.514324,-105.965771
33.119461,-107.188153
33.991658,-106.939136
36.576529,-105.637986
34.554979,-105.890558
36.488085,-103.475723
34.71684,-106.806582
42.58824,-73.97401
42.247853,-78.026153
40.848711,-73.852939
42.161977,-75.830283
42.239099,-78.662332
43.008546,-76.574587
42.304216,-79.407595
42.15528,-76.747179
42.478024,-75.602241
44.752712,-73.705643
42.247729,-73.626806
42.594039,-76.07624
42.193986,-74.966728
41.75477,-73.740041
42.752759,-78.778192
44.109601,-73.778431
44.594376,-74.31067
43.115609,-74.423678
43.00091,-78.192778
42.28697,-74.149542
43.657879,-74.502456
43.571009,-74.841097
43.996389,-76.052968
40.635045,-73.95064
43.782681,-75.44414
42.727485,-77.769779
42.910026,-75.663575
43.464475,-77.664656
42.900891,-74.435357
40.729612,-73.589414
40.776642,-73.970187
43.456731,-78.792142
43.242727,-75.434282
43.006516,-76.196134
42.856357,-77.303497
41.40241,-74.306252
43.502287,-78.229726
43.461443,-76.209262
42.629776,-75.028841
41.427904,-73.743882
40.658566,-73.838017
42.710421,-73.513845
40.561263,-74.1399
41.154639,-74.024645
44.488112,-75.074311
43.106135,-73.855387
42.817539,-74.043548
42.591294,-74.438172
42.419776,-76.938603
42.782294,-76.827088
42.266725,-77.385525
40.943554,-72.692218
41.719993,-74.771577
42.178057,-76.297456
42.453006,-76.473483
41.947212,-74.265458
43.555105,-73.838139
43.312377,-73.439428
43.458758,-77.063164
41.15277,-73.745912
42.701363,-78.228567
42.638237,-77.104324
36.043954,-79.400573
35.920951,-81.177467
36.489356,-81.132299
34.974996,-80.109959
36.443469,-81.499334
36.07209,-81.920285
35.482313,-76.842014
36.059043,-76.962364
34.591938,-78.539489
34.038754,-78.227765
35.609371,-82.530426
35.746182,-81.70618
35.388369,-80.552694
35.957915,-81.530002
36.342344,-76.162488
34.858343,-76.53586
36.394298,-79.339609
35.661883,-81.214906
35.704994,-79.251454
35.136232,-84.061309
36.128979,-76.602752
35.052997,-83.752264
35.33463,-81.557114
34.261602,-78.639308
35.116829,-77.08132
35.050192,-78.828719
36.372174,-75.941224
35.606269,-75.767536
35.795131,-80.207107
35.929355,-80.542552
34.934403,-77.933543
36.033822,-78.87812
35.917051,-77.602662
36.132466,-80.256961
36.088241,-78.28309
35.293344,-81.177256
36.442135,-76.702355
35.348364,-83.830915
36.299884,-78.657634
35.481959,-77.681688
36.079065,-79.788665
36.251438,-77.644842
35.368635,-78.87161
35.557099,-82.972823
35.336415,-82.479741
36.363517,-76.981616
35.017233,-79.241964
35.408157,-76.153687
35.806355,-80.874539
35.279929,-83.122478
35.5134,-78.367311
35.032268,-77.356195
35.476336,-79.172117
35.240068,-77.63551
35.488491,-81.226892
35.682232,-82.048029
35.152959,-83.421901
35.864078,-82.712731
35.847301,-77.119602
35.246862,-80.833832
36.013102,-82.163554
35.334415,-79.906602
35.308272,-79.492725
35.965945,-77.987555
34.177875,-77.869674
36.421774,-77.398352
34.763109,-77.499469
36.062526,-79.120034
35.147575,-76.665268
36.265184,-76.260696
34.512556,-77.888106
36.180897,-76.403244
36.386336,-78.965644
35.592965,-77.373138
35.277901,-82.167621
35.709915,-79.806215
35.004636,-79.755695
34.63921,-79.100881
36.381806,-79.782754
35.641329,-80.521722
35.402747,-81.919582
34.989298,-78.371174
34.840023,-79.477337
35.310449,-80.254374
36.393506,-80.266199
36.415416,-80.686463
35.568849,-83.465614
35.210079,-82.816653
35.87042,-76.165345
34.991817,-80.530435
36.365481,-78.405434
35.789846,-78.650624
36.398105,-78.099899
35.844713,-76.572291
36.235372,-81.709923
35.35419,-78.00867
36.208883,-81.166095
35.700357,-77.921598
36.158765,-80.665164
35.889455,-82.304119
46.096815,-102.533198
46.94255,-98.070195
48.071743,-99.351152
47.007044,-103.364016
48.794412,-100.831257
46.110144,-103.505943
48.786453,-102.520087
46.971843,-100.462001
46.927003,-97.252375
48.768439,-98.46379
46.107756,-98.496518
48.814754,-103.509326
47.354548,-102.612366
47.723436,-98.900474
46.284255,-100.237842
47.471431,-98.872876
46.938924,-103.844612
47.926003,-97.450851
46.357827,-101.639049
47.456334,-98.232286
46.435704,-102.454238
46.938273,-99.731198
46.464195,-98.526057
46.469278,-99.504585
48.233842,-100.633267
46.117034,-99.443041
47.742475,-103.403215
47.653055,-101.421794
47.307147,-101.833328
46.710819,-101.298265
48.210291,-102.364756
47.918667,-98.204428
47.118079,-101.33142
48.766896,-97.545405
48.238883,-99.966497
48.266163,-98.739031
46.449276,-97.647554
48.712781,-101.658152
46.265219,-96.93796
48.768271,-99.840463
46.108206,-97.63003
47.581359,-100.330986
46.110618,-101.061284
46.445834,-103.462462
46.817031,-102.662026
47.451062,-97.71892
46.972223,-98.956123
48.682183,-99.248158
47.446215,-97.164754
48.376979,-97.72223
48.216686,-101.540537
47.580881,-99.682254
48.355765,-103.501333
38.834468,-83.478082
40.771627,-84.106103
40.843273,-82.270127
41.906637,-80.745592
39.332604,-82.045844
40.561309,-84.224018
40.017682,-80.967727
38.931377,-83.866772
39.439747,-84.565734
40.579884,-81.090787
40.132759,-83.767542
39.917032,-83.783676
39.052084,-84.149614
39.429004,-83.795048
40.770073,-80.778455
40.29671,-81.930109
40.848524,-82.924783
41.760392,-81.724217
40.131542,-84.621248
41.321679,-84.486433
40.278941,-83.007462
41.554006,-82.525897
39.75262,-82.627329
39.555274,-83.461953
39.969575,-83.006865
41.597264,-84.124267
38.817046,-82.301746
41.499322,-81.173505
39.687479,-83.894894
40.056665,-81.497875
39.196927,-84.544187
41.000471,-83.666034
40.660415,-83.664077
40.292318,-81.091565
41.331584,-84.0689
39.184422,-83.601359
39.490342,-82.483447
40.565561,-81.929988
41.14508,-82.594641
39.013477,-82.614142
40.399384,-80.763527
40.40362,-82.422393
41.924116,-81.392643
38.603866,-82.517186
40.093609,-82.481251
40.387553,-83.766343
41.438805,-82.179722
41.682321,-83.468903
39.896607,-83.400885
41.01088,-80.770396
40.588034,-83.168803
41.116174,-81.899764
39.089807,-82.028397
40.535333,-84.632059
40.053326,-84.228413
39.726253,-81.090987
39.753736,-84.290591
39.624946,-81.861697
40.525266,-82.797729
39.966046,-81.943506
39.767232,-81.452512
41.545495,-83.012613
41.118948,-84.582125
39.743187,-82.237952
39.648947,-83.052827
39.07136,-83.052909
41.168837,-81.197042
39.73881,-84.644758
41.024533,-84.129879
40.774159,-82.542781
39.323818,-83.059581
41.355291,-83.142735
38.814889,-82.998675
41.119992,-83.127547
40.33668,-84.204142
40.814131,-81.365667
41.121851,-81.534936
41.305911,-80.768701
40.447448,-81.471157
40.295901,-83.367042
40.85552,-84.585775
39.252014,-82.485961
39.425652,-84.169906
39.450684,-81.490653
40.829661,-81.887194
41.564958,-84.584323
41.360183,-83.622682
40.839782,-83.313681
35.898043,-94.651026
36.729703,-98.323445
34.392469,-96.036558
36.748334,-100.483056
35.270601,-99.690057
35.877782,-98.428934
33.964004,-96.264137
35.16792,-98.381045
35.54341,-97.979844
34.251848,-97.287927
35.904367,-94.996796
34.027645,-95.554208
36.74839,-102.517698
35.206376,-97.323088
34.582861,-96.288039
34.662628,-98.476597
34.290676,-98.373438
36.76389,-95.201553
35.907732,-96.379793
35.645601,-98.997386
36.393375,-94.808217
35.97796,-99.014385
36.224258,-99.750139
36.378273,-97.787729
34.70935,-97.312723
35.021058,-97.88689
36.788254,-97.788151
34.933853,-99.552968
34.745971,-99.844194
36.80035,-99.662805
35.232294,-95.109578
35.052934,-96.251183
34.593949,-99.41221
34.105082,-97.83889
34.313455,-96.654254
36.814885,-97.143862
35.949431,-97.934568
34.921489,-98.981617
34.875137,-95.272262
34.897356,-94.695074
35.703117,-96.881392
35.914151,-97.450764
33.957775,-97.245124
35.016436,-97.449803
34.117073,-94.766086
35.369108,-95.671787
36.313119,-98.542015
34.027007,-96.770533
36.303804,-95.235638
34.485766,-97.071557
35.617551,-95.383911
36.384901,-97.236335
36.789615,-95.613312
35.466804,-96.327762
35.554611,-97.409401
35.646879,-95.96458
36.624299,-96.408112
36.835764,-94.802681
36.313704,-96.696669
36.079225,-96.975255
34.92554,-95.74813
34.721445,-96.69197
35.211393,-96.957007
34.377899,-95.408082
35.708554,-99.741572
36.377794,-95.601383
35.158366,-96.602857
35.502435,-94.750757
34.481361,-97.855607
36.746317,-101.483855
34.371085,-98.931701
36.120318,-95.941813
35.963479,-95.5141
36.70438,-95.906155
35.289497,-98.991436
36.726984,-98.863649
36.425619,-99.273661
44.703427,-117.691933
44.493882,-123.424664
45.160493,-122.195127
46.024509,-123.705014
45.941932,-123.081079
43.18591,-124.094133
44.163054,-120.371585
42.466439,-124.210929
43.915118,-121.225575
43.286328,-123.154476
45.382955,-120.276246
44.496326,-119.014057
43.064449,-118.987169
45.511775,-121.655976
42.411628,-122.675685
44.645151,-121.178632
42.386981,-123.571626
42.683761,-121.646168
42.788401,-120.38979
43.928329,-122.89769
44.641061,-123.911212
44.488898,-122.537208
43.188082,-117.604045
44.900898,-122.57626
45.425496,-119.602311
45.547693,-122.417173
44.900375,-123.398673
45.399216,-120.678512
45.45589,-123.759299
45.5912,-118.73388
45.304081,-117.999149
45.593753,-117.18558
45.164536,-121.165069
45.553542,-123.097615
44.736415,-120.026861
45.247827,-123.316399
39.869471,-77.21773
40.469757,-79.980451
40.81238,-79.464129
40.68414,-80.350721
39.99862,-78.494751
40.413957,-75.92686
40.497922,-78.310636
41.791495,-76.502124
40.336887,-75.10706
40.913847,-79.918978
40.510312,-78.710463
41.438288,-78.198314
40.918366,-75.705039
40.90916,-77.84783
39.973965,-75.749732
41.198159,-79.420369
41.000249,-78.473749
41.245301,-77.649141
41.045517,-76.40426
41.687876,-80.107795
40.164805,-77.263442
40.412565,-76.792634
39.91667,-75.398786
41.427334,-78.653938
42.117952,-80.096386
39.918907,-79.640119
41.513304,-79.249705
39.926685,-77.724497
39.91075,-78.122617
39.847707,-80.225655
40.422311,-77.968595
40.651432,-79.087545
41.138028,-79.012419
40.530673,-77.400438
41.440284,-75.609666
40.041992,-76.250198
40.992735,-80.334446
40.371559,-76.46487
40.614241,-75.590627
41.172787,-75.976035
41.34362,-77.055225
41.81459,-78.572463
41.300014,-80.252786
40.601607,-77.651938
41.05624,-75.329065
40.209999,-75.370201
41.029291,-76.665195
40.752791,-75.307447
40.851524,-76.709877
40.39778,-77.266328
40.009376,-75.133346
41.325949,-75.031514
41.748587,-77.894436
40.703682,-76.217788
40.755407,-77.072929
39.981297,-79.028486
41.439285,-76.511717
41.819665,-75.800969
41.766859,-77.257288
40.962179,-77.055475
41.40198,-79.754418
41.843669,-79.313173
40.200005,-80.252132
41.647007,-75.293193
40.311068,-79.466688
41.525173,-76.008731
39.921751,-76.728889
41.701614,-71.289286
41.668949,-71.577634
41.502504,-71.283689
41.869765,-71.578626
41.400981,-71.617598
34.213809,-82.46046
33.550013,-81.632983
32.979784,-81.363421
34.521235,-82.638603
33.203021,-81.053161
33.260552,-81.434228
32.358147,-80.68932
33.2077,-79.953655
33.67478,-80.780347
32.800458,-79.94248
35.049796,-81.607647
34.689345,-81.161249
34.637018,-80.159227
33.664682,-80.217889
32.835018,-80.655244
34.332185,-79.962115
34.390172,-79.374964
33.082186,-80.404697
33.776498,-81.968245
34.395669,-81.127001
34.028535,-79.710233
33.417531,-79.296333
34.892645,-82.372077
34.155796,-82.127876
32.778335,-81.143817
33.909269,-78.976675
32.43059,-81.021627
34.338356,-80.590885
34.686818,-80.703688
34.483678,-82.005489
34.15864,-80.251209
33.892589,-81.272831
33.897605,-82.316192
34.08362,-79.354001
34.601805,-79.677942
34.28973,-81.600053
34.748771,-83.061543
33.436135,-80.802913
34.88538,-82.723376
34.029095,-80.898037
34.005278,-81.727903
34.93329,-81.99106
33.916253,-80.382288
34.690397,-81.615896
33.626463,-79.716475
34.970188,-81.183187
43.724719,-98.577587
44.418265,-98.279422
43.186912,-101.677181
42.985799,-97.884199
44.376675,-96.797797
45.589254,-98.352175
43.72988,-99.092941
44.044306,-99.203998
44.896226,-103.501436
45.785575,-100.002107
43.206185,-98.595143
44.855211,-97.724912
42.91615,-96.980468
44.966285,-97.198837
45.685671,-101.179665
43.684943,-103.46225
43.680439,-98.155868
45.355034,-97.58143
44.75629,-96.690239
45.148049,-100.837953
43.391506,-98.358433
45.41168,-99.205362
43.221619,-103.512609
45.065476,-99.153564
45.172637,-96.772261
43.179098,-99.202153
44.282885,-101.59546
44.680619,-97.178598
44.546713,-99.004575
43.680612,-97.796845
45.596612,-103.473867
44.384452,-99.975684
43.33671,-97.749383
44.537301,-99.492148
43.677506,-101.626323
44.06341,-98.62317
43.95199,-100.686139
44.362969,-97.499313
44.02845,-97.123223
44.348583,-103.805817
43.27942,-96.722286
43.894812,-99.841925
43.678924,-97.362036
45.784249,-99.211421
45.737044,-97.58087
44.605282,-102.714169
43.58469,-100.760955
44.021541,-97.608122
43.667472,-96.795726
44.012429,-96.676054
43.33363,-102.561699
44.002349,-102.823801
45.483387,-102.467995
45.052713,-99.962003
45.623397,-96.947551
44.021032,-98.092105
44.923772,-98.339615
44.415547,-100.749163
44.722325,-100.131399
43.208794,-100.707664
43.349729,-99.876219
43.30867,-97.150185
42.831106,-96.650829
45.427605,-100.027856
43.006607,-97.388339
44.989764,-101.660827
36.116731,-84.195418
35.51366,-86.458294
36.069253,-88.071212
35.593668,-85.205979
35.688185,-83.922973
35.153914,-84.859414
36.401592,-84.159249
35.808394,-86.062404
35.965918,-88.452298
36.284744,-82.126593
36.255169,-87.100808
35.420253,-88.611353
36.501542,-83.660722
36.545788,-85.545816
35.916198,-83.119224
35.488759,-86.078219
35.818795,-89.132494
35.952398,-84.994761
36.169129,-86.78479
35.603136,-88.110292
35.982219,-85.833596
36.145533,-87.364155
36.052831,-89.40359
35.196993,-89.413803
36.369888,-84.937764
35.155926,-86.099203
35.991637,-88.93381
35.202723,-87.035319
36.277463,-83.509493
36.179514,-82.847485
35.393356,-85.710389
36.218397,-83.266071
35.160762,-85.197711
36.521419,-83.227453
35.218785,-88.988697
35.201893,-88.185696
36.452211,-82.931386
35.58669,-89.282536
35.653994,-88.387674
36.325295,-88.300288
35.802291,-87.467101
36.285782,-87.705598
36.040822,-87.790453
36.354241,-85.674094
36.048479,-83.440966
36.453203,-81.861247
35.992726,-83.937721
36.333905,-89.485536
35.762951,-89.627732
35.220476,-87.396546
35.523244,-87.496983
35.142916,-86.593298
35.73745,-84.316204
35.424471,-84.619962
35.175228,-88.563629
36.537757,-86.00096
35.606056,-88.833424
35.133422,-85.618399
35.468343,-86.765865
35.615696,-87.077763
35.512203,-84.816102
35.447818,-84.249705
36.500354,-87.380887
35.288888,-86.358684
36.138697,-84.639262
36.358171,-89.149879
36.34485,-85.283076
35.663749,-87.869329
36.559364,-85.075741
35.109437,-84.541112
36.14094,-85.49618
35.600587,-84.949552
35.847249,-84.523942
36.52753,-86.869377
35.843369,-86.417213
36.435276,-84.503528
35.372358,-85.410322
35.80181,-83.515696
35.183794,-89.895397
36.25565,-85.942078
36.458464,-87.811889
36.510213,-82.299396
36.473443,-86.459798
35.500259,-89.766803
36.39303,-86.156691
36.100126,-82.418214
36.28414,-83.836088
35.699234,-85.458409
35.67825,-85.777343
36.295665,-82.495037
35.242847,-87.819843
36.303386,-88.720803
35.927049,-85.455785
35.894845,-86.897886
36.148476,-86.29021
31.841261,-95.661726
32.312258,-102.640206
31.251951,-94.611056
28.104225,-96.977983
33.616305,-98.687267
34.964179,-101.356636
28.891408,-98.535381
29.891901,-96.27017
34.067521,-102.830345
29.756389,-99.248285
30.100771,-97.310643
33.618802,-99.208189
28.416077,-97.742586
31.042312,-97.481404
29.448671,-98.520147
30.266456,-98.399217
32.73859,-101.439199
31.900819,-97.637641
33.446062,-94.422393
29.167817,-95.434647
30.656713,-96.302394
29.808997,-103.252458
34.525172,-101.205893
27.034994,-98.215276
31.764103,-98.99847
30.493487,-96.622091
30.78963,-98.201187
29.832399,-97.628141
28.441719,-96.579574
32.29315,-99.372249
26.102923,-97.478958
32.974581,-94.979085
35.405496,-101.355356
33.083698,-94.357579
34.533621,-102.258786
29.696374,-94.669445
31.843872,-95.156345
34.529337,-100.208336
33.785904,-98.212917
33.60844,-102.830449
31.877105,-100.635236
31.914205,-99.346622
33.194737,-96.579707
34.963358,-100.272135
29.596296,-96.508935
29.805491,-98.260544
31.951645,-98.549617
31.318865,-99.863648
33.639196,-97.210343
31.391177,-97.798022
34.091906,-100.276442
31.422796,-102.487774
30.717532,-101.404211
33.609144,-101.29871
31.445908,-104.526945
36.28637,-102.59402
32.766987,-96.778424
32.741934,-101.947322
34.940766,-102.607564
33.385933,-95.67335
33.205132,-97.12114
29.082346,-97.361654
33.615363,-100.787617
28.423587,-99.765871
34.955036,-100.815846
27.681123,-98.497393
32.324645,-98.83656
31.865301,-102.542507
29.985877,-100.307373
32.346878,-96.79694
31.766403,-106.24139
32.238136,-98.222377
31.25193,-96.934127
33.591161,-96.104988
29.877886,-96.921231
32.740473,-100.40312
34.07373,-101.303274
33.963306,-99.816828
29.526602,-95.771015
33.175846,-95.219066
31.70126,-96.144487
28.869334,-99.108788
32.743942,-102.631561
29.228366,-94.895426
33.183792,-101.301134
30.325088,-98.941851
31.868006,-101.521494
28.6607,-97.430415
29.461917,-97.491861
35.402542,-100.812374
33.624524,-96.675693
32.486397,-94.816276
30.543231,-95.988082
29.583532,-97.946771
34.068436,-101.822888
34.453189,-100.576343
31.707342,-98.111756
36.272847,-101.35693
34.289904,-99.745697
30.329648,-94.393178
29.857273,-95.393037
32.547991,-94.374434
35.840244,-102.610047
33.175965,-99.730773
30.061225,-98.029267
35.815956,-100.27921
32.211633,-95.853418
26.396384,-98.18099
31.982681,-97.130668
33.605932,-102.343398
32.430149,-97.831677
33.148959,-95.565194
31.323036,-95.4216
32.303471,-101.438772
31.450868,-105.377549
33.123292,-96.084202
35.837047,-101.362746
31.303424,-100.981304
33.232093,-98.171609
28.959802,-96.58908
30.752932,-94.022294
30.621957,-104.191304
29.854,-94.149331
27.041212,-98.700127
27.733516,-98.090814
32.379821,-97.364959
32.743709,-99.87443
28.908996,-97.852205
32.598944,-96.288378
29.943525,-98.709269
26.890213,-97.591143
33.18478,-100.76972
30.059953,-99.353339
30.479472,-99.746396
33.614268,-100.245345
29.347086,-100.4177
27.438735,-97.66062
33.616657,-99.747112
33.667263,-95.570348
34.068861,-102.348018
31.196731,-98.240889
28.351098,-99.096774
29.382578,-96.923633
30.321078,-96.976321
31.300493,-95.995622
30.158451,-94.844078
31.547543,-96.593623
36.2802,-100.272683
28.351535,-98.126961
30.707584,-98.68469
31.844936,-103.561229
33.611469,-101.819944
33.178412,-101.818493
31.205477,-99.359856
31.549493,-97.201472
28.384922,-98.578853
30.966878,-95.930372
32.798182,-94.356853
32.30983,-101.961836
30.703229,-99.237613
28.77476,-96.001532
28.729787,-100.316678
29.353661,-99.111085
30.884392,-99.853962
31.870896,-102.024326
30.791242,-96.984395
31.494888,-98.594623
32.304117,-100.924392
33.678356,-97.725014
30.300611,-95.494719
35.835676,-101.890502
33.116466,-94.731265
34.057899,-100.793152
31.62056,-94.62025
32.048448,-96.476909
30.786718,-93.73925
32.312338,-100.418108
27.738737,-97.51866
36.278744,-100.815864
35.401921,-102.59762
30.122323,-93.8941
32.752204,-98.317967
32.163978,-94.305156
32.777096,-97.805905
34.532163,-102.784853
30.770894,-102.71986
30.784553,-94.837338
35.398675,-101.893804
30.005891,-104.261619
32.87058,-95.79544
34.962529,-101.895547
31.375191,-101.514395
29.830097,-99.812549
33.619625,-95.048429
31.308366,-103.712706
28.312716,-97.161366
35.836216,-100.807555
31.025481,-96.514941
32.898677,-96.404402
31.845112,-99.982715
32.109423,-94.756382
31.3433,-93.851913
31.382449,-94.16318
30.574388,-95.163136
28.011794,-97.517157
31.155138,-98.819292
30.896233,-100.527216
32.744353,-100.913346
32.74382,-99.347005
31.790139,-94.142579
36.278593,-101.899265
32.375106,-95.268743
32.218071,-97.769217
26.530903,-98.740235
32.736306,-98.836119
31.835773,-101.054911
33.17958,-100.253807
30.51768,-100.50527
34.526319,-101.743862
32.772119,-97.291224
32.297327,-99.890179
30.232343,-102.072513
33.171229,-102.339284
33.170695,-99.205796
33.214599,-94.966783
31.398823,-100.463788
30.239513,-97.69127
31.096675,-95.151687
30.769295,-94.375656
32.735349,-94.941184
31.353816,-102.041546
29.350308,-99.768427
29.875285,-101.143324
32.558787,-95.836906
28.79637,-96.971198
30.743163,-95.569825
30.013578,-95.982102
31.513069,-103.105113
30.215075,-96.410272
27.760799,-99.340752
29.27848,-96.229674
35.392593,-100.253107
33.991103,-98.716851
34.08492,-99.24244
26.480381,-97.583256
30.64903,-97.605069
29.173883,-98.086734
31.831415,-103.055986
33.219095,-97.653997
32.783588,-95.382166
33.162398,-102.832242
33.158788,-98.678281
26.996981,-99.182603
28.864652,-99.75983
38.357535,-113.238948
41.621883,-113.043653
41.734168,-111.744568
39.673284,-110.588484
40.890099,-109.505785
41.037559,-112.201943
40.289649,-110.42983
39.009025,-110.7211
37.831664,-111.450908
38.974326,-109.57345
37.909304,-113.30674
39.71412,-112.790471
37.275089,-111.815329
39.094535,-113.525009
41.091027,-111.577885
38.335881,-112.129375
41.627598,-111.240227
40.667883,-111.92424
37.602633,-109.791574
39.382531,-111.572883
38.746824,-111.81193
40.87206,-110.968486
40.467753,-113.123979
40.125887,-109.517748
40.120425,-111.668508
40.334884,-111.161568
37.262531,-113.4878
38.25984,-110.990877
41.270328,-111.876794
44.031248,-73.141581
43.035325,-73.11146
44.468791,-72.112168
44.463329,-73.06941
44.724021,-71.732736
44.858964,-72.909402
44.801787,-73.300759
44.603704,-72.638922
44.003392,-72.369687
44.828442,-72.25163
43.580858,-73.038202
44.274988,-72.609514
42.995335,-72.721955
43.572685,-72.598821
37.765944,-75.757807
38.024184,-78.553506
37.787905,-80.008669
37.331927,-77.977462
37.62861,-79.154281
37.370725,-78.81094
38.878337,-77.100703
38.171911,-79.147557
38.068368,-79.731203
37.312223,-79.527079
37.130612,-81.125853
37.565481,-79.797553
36.764204,-77.861483
37.26812,-82.038151
37.573928,-78.529169
37.210151,-79.095428
38.030319,-77.352348
36.731928,-80.727865
37.361054,-77.05417
37.009042,-78.658568
37.378434,-77.585847
39.115381,-77.990836
37.473603,-80.231051
38.48593,-77.956476
37.520189,-78.252836
37.137064,-82.34923
37.073498,-77.635492
37.93948,-76.941871
38.82952,-77.273252
38.744098,-77.821484
36.931438,-80.350309
37.830571,-78.283479
36.99115,-79.882663
39.203677,-78.263828
37.31193,-80.717207
37.403541,-76.523505
37.718814,-77.917626
36.652229,-81.215324
38.297981,-78.470163
36.680336,-77.560277
36.766461,-78.939614
37.760165,-77.490992
37.43752,-77.300333
36.620607,-79.980673
38.366243,-79.564472
36.901418,-76.707569
37.324837,-76.777888
37.714372,-76.901855
38.277049,-77.162769
37.70826,-77.091054
37.704843,-76.412663
36.701721,-83.130112
39.0812,-77.638898
37.972704,-77.959795
36.946094,-78.241985
38.412059,-78.276961
37.425348,-76.268808
36.687256,-78.368959
37.606975,-76.528082
37.175534,-80.387791
37.789079,-78.88344
37.502819,-76.982819
37.302775,-75.924018
37.856974,-76.379687
37.141167,-78.053866
38.250193,-78.009622
38.623201,-78.49188
36.667128,-80.286413
36.821721,-79.398502
37.549404,-77.912855
37.224881,-78.432957
37.187325,-77.220993
38.701119,-77.479579
37.063385,-80.713444
38.684522,-78.168824
37.942894,-76.730561
37.330792,-80.191237
37.814517,-79.447754
38.507585,-78.885321
36.93342,-82.095934
36.712776,-82.613624
38.856204,-78.573987
36.842318,-81.539786
36.720173,-77.103856
38.182431,-77.657226
38.415386,-77.454872
37.119761,-76.880172
36.926645,-77.259732
37.125395,-81.562924
38.908221,-78.207594
36.747831,-81.950316
38.109311,-76.803933
36.974561,-82.62156
36.899873,-81.083005
37.220914,-76.395533
38.820071,-77.084063
36.616954,-82.157564
37.731365,-79.356635
38.037658,-78.485381
36.679376,-76.301788
37.261685,-77.396804
37.778143,-79.986039
36.583334,-79.408071
36.696182,-77.535975
38.853183,-77.299025
38.884722,-77.175603
36.684014,-76.941396
38.299272,-77.486658
36.66564,-80.914308
37.04803,-76.297149
38.436255,-78.873303
37.29101,-77.298944
37.782332,-79.44432
37.399016,-79.195458
38.747172,-77.484536
38.768945,-77.448767
36.683527,-79.863647
37.076166,-76.521968
36.923015,-76.244641
36.931549,-82.625996
37.20473,-77.392368
37.12836,-76.303534
36.859623,-76.356307
37.120119,-80.559147
37.531399,-77.476009
37.278458,-79.958174
37.285333,-80.055241
38.158056,-79.061501
36.697157,-76.634781
36.779985,-76.025209
38.067157,-78.90142
37.269481,-76.708193
39.173869,-78.176356
47.011238,-118.512861
46.181861,-117.227781
46.228125,-119.516659
47.860974,-120.619041
48.110903,-123.88986
45.771674,-122.485903
46.29285,-117.911634
46.196785,-122.67846
47.741763,-119.694622
48.473256,-118.533589
46.53458,-118.906944
46.429478,-117.536711
47.213633,-119.467788
47.113999,-123.826655
48.158554,-122.670649
47.805346,-123.527136
47.490599,-121.833996
47.639687,-122.649636
47.124444,-120.676714
45.870446,-120.779305
46.580071,-122.377444
47.582743,-118.417692
47.354126,-123.17385
48.551386,-119.685877
46.556587,-123.782419
48.543825,-117.232191
47.051415,-122.153242
48.50719,-123.103769
48.493292,-121.81577
46.024782,-121.953227
48.054913,-121.766412
47.620375,-117.403371
48.388727,-117.854454
46.935822,-122.830152
46.294638,-123.424458
46.254606,-118.480374
48.842653,-121.836432
46.905944,-117.53539
46.456558,-120.740145
39.139725,-79.996947
39.448054,-78.037776
38.022814,-81.713539
38.699342,-80.731657
40.272645,-80.578691
38.419578,-82.243397
38.844159,-81.115478
38.459826,-81.081866
39.26348,-80.701232
38.030933,-81.086051
38.915867,-80.849413
39.105988,-79.195064
37.924418,-80.45059
39.312139,-78.611989
40.516958,-80.570164
39.011361,-78.841729
39.279182,-80.386498
38.834234,-81.677717
39.307398,-77.86322
38.328068,-81.523516
38.988877,-80.495477
38.17177,-82.077623
37.830591,-81.940853
37.382663,-81.658205
39.505839,-80.243402
39.854426,-80.671794
38.770914,-82.029007
37.403448,-81.106456
39.404781,-78.95669
37.721161,-82.158989
39.633645,-80.059074
37.55034,-80.54789
39.555002,-78.257345
38.291416,-80.797516
40.098932,-80.620728
38.67445,-79.340617
39.368133,-81.161172
38.332606,-80.010121
39.46903,-79.668865
38.510513,-81.906109
37.76247,-81.264671
38.781095,-79.867788
39.177112,-81.066317
38.743003,-81.354522
37.656003,-80.856315
39.332478,-80.046554
39.111175,-79.559968
39.465634,-80.877219
38.902536,-80.231335
38.145541,-82.419681
38.483459,-80.449052
39.600602,-80.628157
39.020034,-81.382975
39.211575,-81.516253
37.603717,-81.548884
43.973763,-89.767223
46.544424,-90.679691
45.437192,-91.852892
46.634199,-91.177282
44.473961,-87.995926
44.385642,-91.761229
45.866878,-92.37574
44.07841,-88.212132
45.069092,-91.283505
44.739306,-90.609945
43.471882,-89.330472
43.24991,-90.95123
43.067468,-89.417852
43.422706,-88.704379
45.067931,-87.088131
46.463218,-91.892477
44.947741,-91.89772
44.726355,-91.286414
45.871865,-88.407234
43.754722,-88.493284
45.666881,-88.773326
42.870028,-90.694229
42.675522,-89.605074
43.76141,-88.987228
43.001021,-90.133691
46.32655,-90.261298
44.326757,-90.796018
43.013804,-88.773985
43.932836,-90.113984
42.579702,-87.424884
44.500954,-87.161829
43.908222,-91.111758
42.655578,-90.130292
45.262385,-89.067545
45.338417,-89.742309
44.105092,-87.313734
44.898036,-89.757823
45.346899,-87.991198
43.826053,-89.409095
44.991304,-88.669251
43.017669,-87.481489
43.945175,-90.619969
44.996575,-88.206516
45.716176,-89.534533
44.418226,-88.464988
43.360458,-87.497383
44.627436,-91.83489
44.725336,-92.426279
45.462041,-92.447066
44.476246,-89.49807
45.679072,-90.35965
42.754075,-87.414676
43.376199,-90.435693
42.66988,-89.075284
45.472734,-91.136745
45.028959,-92.447284
43.427998,-89.943329
45.864913,-91.14713
44.789641,-88.755813
43.745972,-87.731986
45.211656,-90.504853
44.30305,-91.358867
43.599366,-90.821983
46.049848,-89.501254
42.66811,-88.541731
45.892463,-91.796423
43.391156,-88.232917
43.019308,-88.306707
44.478004,-88.967005
44.112825,-89.239752
44.085707,-88.668149
44.461413,-90.038825
41.665514,-105.721883
44.525117,-107.994848
44.191999,-105.517014
41.70359,-106.933153
42.974898,-105.505917
44.589266,-104.567298
43.054831,-108.608935
42.08958,-104.353482
43.720209,-108.435076
44.044048,-106.588541
41.29283,-104.660395
42.229993,-110.682961
42.973602,-106.76507
43.062159,-104.468373
44.492387,-109.593597
42.131593,-104.953963
44.781369,-106.881211
42.767928,-109.91617
41.660328,-108.875677
44.048663,-110.42607
41.284726,-110.558947
43.878831,-107.669052
43.846213,-104.57002